ticker,name,sector
AAPL,Apple,Technology
MSFT,Microsoft,Technology
NVDA,NVIDIA,Technology
GOOGL,Alphabet,Communication Services
META,Meta Platforms,Communication Services
AMZN,Amazon,Consumer Discretionary
HD,Home Depot,Consumer Discretionary
MCD,McDonald's,Consumer Discretionary
JPM,JPMorgan Chase,Financials
BAC,Bank of America,Financials
GS,Goldman Sachs,Financials
V,Visa,Financials
XOM,Exxon Mobil,Energy
CVX,Chevron,Energy
COP,ConocoPhillips,Energy
JNJ,Johnson & Johnson,Health Care
PFE,Pfizer,Health Care
UNH,UnitedHealth,Health Care
PG,Procter & Gamble,Consumer Staples
KO,Coca-Cola,Consumer Staples
WMT,Walmart,Consumer Staples
CAT,Caterpillar,Industrials
BA,Boeing,Industrials
NEE,NextEra Energy,Utilities
T,AT&T,Communication Services
